cluster_id,feature_0,feature_1
0,2.0128947449725665,4.214568398817864
1,-6.900416978940348,-6.883595192161888
2,-8.819173510253075,7.34948613972737
3,-2.5043808725704007,9.038448411374446
4,4.668684980744782,1.8978313095883248
